"http://news.bbc.co.uk/2/hi/uk_news/england/cornwall/6345289.stm"	10
"http://news.bbc.co.uk/2/hi/programmes/newsnight/8701959.stm"	9
"http://news.bbc.co.uk/2/hi/7013943.stm"	9
"http://news.bbc.co.uk/2/hi/science/nature/3892909.stm"	8
"https://www.auanet.org/education/educational-programs/e-learning/blus-handbook-of-laparoscopic-and-robotic-fundamentals"	8
"http://news.bbc.co.uk/2/hi/uk/3524879.stm"	8
"http://news.bbc.co.uk/2/hi/science/nature/5401266.stm"	8
"http://news.bbc.co.uk/2/hi/uk_news/wales/north_west/4541842.stm"	8
"http://news.bbc.co.uk/2/hi/science/nature/3391431.stm"	8
"https://academicminute.org/2017/02/kevin-caskey-suny-new-paltz-manufacturing-and-skiing/"	7
"https://www.iceplc.com/?hc_location=ufi"	6
"http://content.time.com/time/nation/article/0,8599,2037331,00.html"	6
"http://www.wood-database.com/honey-locust/"	5
"http://www.cvs.com/minuteclinic/services/wellness-and-physicals/camp-physicals/N-d8ZbtnwZd5"	5
"http://www.hotdocs.ca/i/jots/the-co-production-dilemma-producers-tips-and-tricks"	5
"http://www.definitions-marketing.com/definition/gender-marketing/"	5
"http://www.dailymail.co.uk/femail/article-1032652/The-West-Country-travel-agents-wife-612th-line-throne-unlikely-Britons-list-royal-succession.html"	4
"https://www.filae.com/v4/forums/recherches-genealogiques-merci-beaucoup-benedicte-img-src-/v4/forums/images/emoticons/icon_exclaim-gif-alt-exclamation-quelle-re-m11052539-p119.html"	4
"http://www.dailymail.co.uk/femail/article-1142937/10-things-knew-Ravels-Bolero.html"	4
"http://mallenligne.ma/liquides/7393-fuel-woman.html"	4
"https://www.rolexforums.com/showthread.php?t=3397"	4
"http://www.lemonde.fr/ajah/5m/lemonde/web/Controller_Module_Deroule_Bloc_Paves/actionAfficherBizdevOffre/WzQ/0MD/g5O/TYsdHJ1ZV0-/?key=5652f682d8b9b0b77268891a96feddeaec2be194"	4
"http://www.us.emb-japan.go.jp/jicc/japan-info.html"	4
"http://www.nation.co.ke/lifestyle/saturday/One-test-could-have-saved-us-heartache/1216-3845240-bpwmx5/index.html"	4
"http://www.studyarchitecture.com/"	4
"http://news.bbc.co.uk/earth/hi/earth_news/newsid_8604000/8604584.stm"	3
"http://www.geosociety.org/gsatoday/archive/23/8/article/i1052-5173-23-8-27.htm"	3
"http://www.atelierterranostra.net/en/pendules-en-metal/1636-night-sky-pendulum.html"	3
"http://abcnewsradioonline.com/music-news/2017/1/12/no-arm-wrestling-required-justin-moore-and-lee-brice-kick-of.html"	3
"https://www.thelogfurniturestore.com/lighting-lamp-shades-dyed-rawhide-shades-rawhide-table-lampshade-p-5158.html"	3
"http://www.prisonstudies.org/highest-to-lowest/prison-population-total"	3
"http://www.phonicear.com/SF.aspx"	3
"http://news.bbc.co.uk/earth/hi/earth_news/newsid_8151000/8151644.stm"	3
"http://www.talitachildtherapy.co.za/child-psychology/child-psyhology-blog/blogger/listings/buuujjeer.html"	3
"http://flymetothebroom.blogspot.fr/2014/10/ladybug-shoemaker-shoemaker.html"	3
"http://www.papertemptress.com/"	3
"http://animals.sandiegozoo.org/animals/bald-eagle"	3
"http://transcripts.cnn.com/TRANSCRIPTS/1703/20/sn.01.html"	3
"http://bravetart.com/recipes/ChicoryBeignetFilling"	3
"https://www.embassypages.com/missions/embassy569/"	3
"https://feetfirst.se/alley-loafer-grona-304744"	3
"http://www.caseydevoti.com/2016/04/19/sad-reminder-driver-pedestrian-responsibilities/"	3
"http://www.fountainpenhospital.com/home/home12.asp"	3
"https://www.theguardian.com/notesandqueries/query/0,5753,-23996,00.html"	3
"http://news.bbc.co.uk/2/hi/south_asia/8638718.stm"	3
"http://www.dsslbd.com/"	3
"http://880thebiz.com/"	3
"https://www.bestparoles.net/paroles-22620-wutang-clan-a-better-tomorrow.html"	3
"http://www.initial.co.tz/"	3
"https://www.theguardian.com/notesandqueries/query/0,5753,-20086,00.html"	3
"http://saltlakecomiccon.com/faq/"	3
"http://www.cnbc.com/2016/10/31/a-trump-win-could-put-emerging-markets-in-a-tailspin.html"	3
"http://www.goodtherapy.org/blog/psychpedia/patience"	2
"http://www.telegraph.co.uk/sponsored/lifestyle/bedroom-ideas/11571129/how-not-to-snore.html"	2
"http://www.top10homeremedies.com/home-remedies/home-remedies-for-spider-bites.html"	2
"http://emuseum.history.org/view/objects/asitem/472/38/primaryMaker-asc;jsessionid=7BE3CB749FB8229F3BE943CB37510C8C?t:state:flow=f98a3faf-cdb3-4397-8d06-d68673fe3723"	2
"http://biblehub.com/topical/vmenus/acts/12-21.htm"	2
"http://lillyfamilydentistry.com/"	2
"http://eng.crocus-expo.ru/"	2
"http://hhproducts.ie/independentbrliving-aids-c-151/dressing-comfort-aids-c-151_109/good-grips-shoe-horn-p-1951.html"	2
"https://sa2017.siggraph.org/"	2
"http://www.pantryretail.com/"	2
"http://www.esn-network.com/research/findings/view/articles/free-sorting-as-a-sensory-research-method/"	2
"https://www.nyu.edu/gsas/dept/fineart/people/faculty/hay.htm"	2
"http://www.bbc.co.uk/blogs/magazinemonitor/2008/07/20-week"	2
"http://www.proz.com/forum/linguistics/25460-little_test_for_english_native_speakers.html?print=1"	2
"http://www.lessthanone.com/"	2
"http://www.rdehospital.nhs.uk/patients/contact/default.html"	2
"http://www.theraj.com/bronchitis/index.php"	2
"http://econlog.econlib.org/archives/2014/07/a_non-conformis.html"	2
"http://buzzer.translink.ca/2016/10/knight-street-bridge-inspection/"	2
"http://www.businessinsider.com/hundreds-of-suicides-in-india-linked-to-microfinance-organizations-2012-2?IR=T"	2
"http://www.gddinstrumentation.com/beep-mat"	2
"http://www.haladjian.fr/gammes-produits/pieces-mecaniques/caterpillar/8h/cfn/caterpillar-4226883/"	2
"http://www.shotracegear.com/"	2
"http://biblegem.com/vmenus/songs/2-1.htm"	2
"http://www.theworldcounts.com/life/potentials/enneagram-number-3-personality-type-three-achiever"	2
"https://portal.accaglobal.com/accrweb/faces/page/public/accreditations/enquiry/main/EnqInstitutionsTable.jspx"	2
"https://lacuisinedannie.20minutes.fr/recette-creme-brulee-689.html"	2
"http://www.defencejobs.gov.au/airforce/trades/"	2
"http://www.marketwatch.com/story/stock-market-bulls-could-get-scorched-by-icarus-trade-in-2017-2017-01-09"	2
"https://postalmuseum.si.edu/gold/avalanche.html"	2
"http://www.telegraph.co.uk/travel/news/TripAdvisor-the-funniest-reviews-biggest-controversies-and-best-spoofs/"	2
"http://www.support.xerox.com/support/xerox-7041/support/frfr.html"	2
"https://forum.azimuthproject.org/discussion/858/experiments-with-carbon-cycle-box-model"	2
"http://www.telegraph.co.uk/news/worldnews/asia/afghanistan/8473506/Second-most-wanted-insurgent-in-Afghanistan-killed-by-air-strike.html"	2
"http://simhq.com/forum/ubbthreads.php/topics/65112/New_Harpooner's_Point_forum:_S"	2
"http://biblegem.com/vmenus/romans/14-4.htm"	2
"http://www.telegraph.co.uk/news/worldnews/asia/china/11589383/China-outraged-by-mans-savage-public-attack-on-toddler.html"	2
"http://www.dailymail.co.uk/news/article-509713/Im-human-pet-The-Goth-teenager-fiance-walks-dog-lead.html"	2
"http://www.narendramodi.in/tell-a-friend/index.php"	2
"http://www.hshv.org/site/News2?page=NewsArticle&id=11171"	2
"http://www.miscalif.com/pouch/toolpouch-l/toolpouch-l-covertdesert.php"	2
"http://aspid.univ-lille1.fr/"	2
"http://snippetandink.com/dramatic-forest-wedding-in-oregon/"	2
"http://www.consolelaw.com/"	2
"http://www.underwearexpert.com/mens-underwear-brands/"	2
"http://www.okcompost.be/en/recognising-ok-environment-logos/ok-compost-amp-ok-compost-home/"	2
"http://www.britishmuseum.org/about_us/the_museums_story/general_history/sir_hans_sloane.aspx"	2
"http://gulmarggondola.com/tickets_skipasses.php"	2
"http://www.lyrics2learn.com/blog/grit-reading-fluency-passage/"	2
"https://www.math.ucdavis.edu/~romik/movingsofa/"	2
"https://ehp.niehs.nih.gov/1409223/"	2
"http://biblegem.com/vmenus/james/5-14.htm"	2
"https://hoiabaciuforest.com/"	2
"http://www.stencilartprize.com/"	2
"http://www.tootsiimpex.com/inde/Product/Detail/31072"	2
"http://www.extremesailingseries.com/gallery/view/act-5-st-petersburg-2016"	2
"http://www.extraliga.pl/fckeditor/log.php?id=hermes-kelly-bag-ostrich-2016-12-04-2.html"	2
"http://www.ticsante.com/m/agenda.php?q=m%2FDictee-numerique-Philips-lance-un-enregistreur-hybride-entre-dictaphone-et-smartphone-NS_2961.html&event=3296"	2
"http://www.countrywives.co.uk/back-packing-granny-other-granny-take-to-the-hills-in-burma/"	2
"http://www.goodgovernance.org.au/roles-relationships/roles-in-local-government/councillor/"	2
"http://eai.ittoolbox.com/groups/technical-functional/tibco-l/clear-timer-in-hawk-240697"	2
"https://www.thestar.com/news/crime/2011/03/10/underwire_bra_supports_drunk_driving_defence.html"	2
"http://www.reuters.com/video/2017/03/28/in-the-uk-women-with-legs-make-policy?videoId=371377756"	2
"http://www.ralphlauren.com/family/index.jsp?categoryId=1766239"	2
"http://www.lily-liste.com/"	2
"http://www.military.ie/naval-service/organisation/specialist-units/diving-section/"	2
"http://www.ukrspecexport.com/index/page/id/ex-aviasvit/lang/eng"	2
"http://www.suburb-production.com/"	2
"http://www.rockland-inc.com/Product.aspx?id=37414"	2
"https://wiki.blender.org/index.php/Extensions:2.6/Py/Scripts/Curve/Sapling_Tree"	2
"http://www.underwearexpert.com/underwear-101/underwear-washing-instructions/"	2
"http://www.safefood.eu/Food-Safety/Cross-Contamination.aspx"	2
"http://www.tremorgames.com/playgame/190/duck-life.html"	2
"http://www.lsu.edu/physics/people/faculty/cherry.php"	2
"http://www.radiogrenouille.com/cest-quoi-ce-son/"	2
"http://www.akdn.org/architecture/project/bait-ur-rouf-mosque"	2
"http://biblegem.com/vmenus/jude/1-24.htm"	2
"http://biblegem.com/vmenus/james/1-4.htm"	2
"http://openmedia.yale.edu/projects/iphone/departments/engl/engl291/transcript15.html"	2
"http://oxygencollections.com/"	2
"https://www.hardocp.com/article/2017/04/06/overclocking_amd_ryzen_5_1600_1400_cpus"	2
"http://www.wwf.org.my/about_wwf/what_we_do/species_main/rhino/"	2
"https://www.herbal-supplement-resource.com/cloves-benefits-uses.html"	2
"http://www.ralphlauren.com/product/index.jsp?productId=10802717"	2
"http://www.jeuxvideoandco.com/ziggurat.html"	2
"https://www.koreatimes.co.kr/www/news/culture/2012/11/153_108813.html"	2
"http://www.marketwatch.com/story/snap-stock-tumbles-7-in-rocky-trade-2017-03-06"	2
"https://nsidc.org/cryosphere/glossary/term/puddle"	2
"http://articles.herald-mail.com/1998-04-07/news/25098931_1_clear-spring-sons-chambersburg-hospital"	2
"http://www.homefoodservices.com/Calves-Liver"	2
"http://www.tourismethaifr.com/decouvrir-les-regions/decouvrir_les_regions.tpl?region=4"	2
"https://codegists.com/code/hoax/"	2
"http://www.thomsonlinear.com/website/com/eng/products/ball_screws_and_lead_screws/glide_screws.php"	1
"http://www.mercuryracing.com/"	1
"https://taiwanease.com/en/forums/diy-yogurt-t3782-30.html"	1
"http://parallelbible.com/pr/jude/1-24.htm"	1
"http://www.businessdictionary.com/definition/value-analysis.html"	1
"http://www.cvphysiology.com/Hemodynamics/H002"	1
"http://eyeonhousing.org/tag/labor-shortage/"	1
"http://houston.astros.mlb.com/news/probable_pitchers/?c_id=hou"	1
"http://www.capitalfm.co.ke/radio/mixes/"	1
"http://www.conditcompany.com/tools-a-calculators/heated-dryer-calculator"	1
"http://www.beaversports.co.uk/"	1
"http://www.geny.com/cheval/turban_c867734_h2203731"	1
"http://www.districtsofindia.com/jammuandkashmir/punch/education/index.aspx"	1
"http://www.nexusmods.com/skyrim/mods/13133/?"	1
"http://le-moulin-des-saveurs.fr/index.php/livre-d-or.html?start=820"	1
"https://corporate.parrot.com/en/documents"	1
"https://www.vam.ac.uk/articles/the-steeple-aston-cope"	1
"http://lifeskim-dev.ontotext.com/resource/dbr/...Like_Clockwork"	1
"http://www.ebaumsworld.com/videos/rifle-aftershock/522622/"	1
"http://ec.europa.eu/research/participants/portal/desktop/en/opportunities/h2020/topics/sc5-21-2016-2017.html"	1
"http://www.freedombakery.org/"	1
"http://nctr.pmel.noaa.gov/Dart/"	1
"http://mathsnacks.com/game-over-gopher.html"	1
"http://barefootrunning.fas.harvard.edu/4BiomechanicsofFootStrike.html"	1
"http://www.rocorescue.com/roco-rescue-blog"	1
"http://www.chinaglobalmall.com/products/524284968106"	1
"https://www.bowercottage.com.au/"	1
"http://www.xe.com/currencycharts/?from=GBP&to=MMK"	1
"http://www.zoom-cargo.com/31_100006-transport-of-special-consignments-valuable-dangero"	1
"http://planettransgender.com/the-usa-needs-a-gender-identity-law-comparable-to-argentinas/argintina-gender-slider/"	1
"https://www.westernschools.com/Portals/0/html/N1425/yeBpvn_files/OEBPS/Text/N1425_ebooks-14.html"	1
"http://www.europeanfilmgateway.eu/content/%E2%80%9C-airship-destroyer%E2%80%9D-der-luftkrieg-der-zukunft-uk-1909-0"	1
"http://markcurtis.info/2017/03/20/the-invasion-of-iraq-2003/"	1
"http://emedicine.medscape.com/article/826792-overview"	1
"https://www.aspect.com/solutions/self-service/ivr-systems"	1
"https://www.vam.ac.uk/articles/kimono"	1
"https://www.fda.gov/drugs/resourcesforyou/consumers/buyingusingmedicinesafely/medicationhealthfraud/ucm478218.htm"	1
"https://www.mooreaseal.com/collections/best-sellers/accessories"	1
"http://curia.europa.eu/juris/liste.jsf?language=en&num=T-289/03"	1
"http://franchise.latribune.fr/widget5/"	1
"http://www.oracle.com/technetwork/articles/java/g1gc-1984535.html"	1
"http://www.aurora.edu/classes/12ma/phl.htm"	1
"http://www.leveragedsellout.com/2008/06/finance-reunions/"	1
"http://garrettjacksonrifleproject.weebly.com/"	1
"http://www.sfgate.com/?controllerName=cmfThirdPartyHeader&partnerName=houzz"	1
"http://www.ridemedia.com.au/videos/ride-how-to-glue-tubular-tyres/"	1
"http://sucukundbratwurst.tumblr.com/post/151512340099/join-wwwfacebookcomevents891079701035365"	1
"http://www.agtfoods.com/about-pulses/turkish-lentil-soup.html"	1
"https://aka-cdn.adtechus.com/apps/76/Ad0St3Sz170Sq0V1Id25933900/index.html?&rnd=157267390"	1
"https://www.usingenglish.com/forum/threads/126438-meter-in-quot-Sir-Thaddeus-quot"	1
"http://www.japantimes.co.jp/culture/2015/07/18/books/underneath-orientalist-kimono/"	1
"http://www.businessdictionary.com/definition/floor-duty.html"	1
"http://www.webmd.com/vitamins-supplements/ingredientmono-975-soy.aspx?activeingredientid=975"	1
"http://www.nflshop.com/New_Orleans_Saints_Sleepwear_And_Underwear"	1
"http://www.cajunprideswamptours.com/questions.html"	1
"http://money.cnn.com/2015/06/25/news/companies/whole-foods-overcharging/"	1
"http://fassclub.org/arts-rag-camp/"	1
"http://www.01net.com/actualites/switch-premiere-prise-en-main-de-la-console-hybride-de-nintendo-1081366.html"	1
"https://aka-cdn.adtechus.com/apps/76/Ad0St3Sz170Sq0V1Id25933900/index.html?&rnd=73490913"	1
"http://www.pecheur.com/en/us/buy-carp-hook-fudo-hooks-iseama-w-ring-nickel-pack-107613.html"	1
"http://www.heavengroup.it/"	1
"http://www.cicliviscontea.it/content/ferragamo-loafers-mens-2017-03-30-10.html"	1
"http://parallelbible.com/pr/psalms/128-1.htm"	1
"http://emedicine.medscape.com/article/297108-treatment"	1
"http://www.timelines.tv/"	1
"https://mechanical-sympathy.blogspot.fr/2012/05/apply-back-pressure-when-overloaded.html"	1
"http://doctor.webmd.com/find-a-doctor/specialty/neuropsychiatry/new-york/valley-cottage"	1
"http://des.kar.nic.in/"	1
"http://docs.oracle.com/cd/B19306_01/server.102/b14200/expressions004.htm"	1
"https://www.rocketlawyer.com/form/letter-of-intent.rl"	1
"https://www.mintvelvet.co.uk/product/latte-faux-fur-ear-muffs/4764"	1
"http://www.emeraldinsight.com/doi/full/10.1108/09574090810895960"	1
"http://www.mongersofhingham.co.uk/"	1
"http://www.dayofarchaeology.com/tag/pneumonia/"	1
"http://coffeeboard.or.tz/upload/site/finaltcb/index.php/site-map/staff-directory/14-eddy-hamaro"	1
"http://www.businessdictionary.com/definition/liquid.html"	1
"http://www.healthofchildren.com/R/Ringworm.html"	1
"http://emedicine.medscape.com/article/828072-overview"	1
"http://saferelationshipsmagazine.com/"	1
"https://www.comm100.com/blog/apology-letter-examples.html"	1
"https://shop.tjcc.be/fr/produit/ambachtelijke-nougat-natuur-2x100gr/"	1
"http://www.sciencealert.com/the-statistics-say-half-of-all-inventions-happen-by-accident"	1
"http://www.vapotestyle.fr/les-samples-twisted-vaping/2530-sample-concentre-fog-milk-twisted-vaping.html"	1
"http://theliftiereport.rentskis.com/tlr/working-on-the-night-moves-what-to-do-come-nightfall-at-these-8-resorts/"	1
"http://www.manythings.org/sentences/words/sheep/1.html"	1
"http://www.profightdb.com/wrestlers/the-boogeyman-440.html"	1
"http://www.frescopizza.ch/index.php?page=shop.ask&flypage=tpflypage.tpl&product_id=75&category_id=7&option=com_virtuemart&Itemid=143&vmcchk=1&Itemid=143"	1
"https://corridornyc.com/"	1
"http://www.santaclauslandoflights.com/"	1
"http://www.ledhow.com/lmk-dhow-rabat/"	1
"http://www.archive.thegauntlet.ca/story/its-syrup-time?qt-latest_and_most_popular=0"	1
"http://www.ctd.gr/product/1884/products-car-products-interior-gear-shift-levers-and-boots-meteor--gear-shift-knob-/eng"	1
"https://www.themepunch.com/faq/ideal-image-size/"	1
"http://www.fountainpenhospital.com/topnav/FPH_topnav.html"	1
"http://www.thecephalopodpage.org/sources.php"	1
"https://www.fda.gov/cosmetics/productsingredients/products/ucm115449.htm"	1
"http://robseward.com/associations/paths/index.php?word=HARMONICA"	1
"http://www.lakeplacid.com/do/activities/dog-sled-rides"	1
"http://www.millenniumbulk.com/fact-fiction-setting-millennium-record-straight/"	1
"http://davidastle.com/da-blog/odd-bods"	1
"http://www.nasonline.org/programs/sackler-colloquia/completed_colloquia/human-machine-communication-by-voice.html"	1
"http://www.pjhayman.com/"	1
"http://www.sothebys.com/fr/auctions/ecatalogue/lot.2289.html/2012/important-watches-hk0389"	1
"http://www.columbiasportswear.at/NL/schooner-bank-cachalot-iii-%7C-160-%7C-o%2Fs-886108893146.html"	1
"http://gamebanana.com/maps"	1
"http://www.elitebalustrade.com/glass-balustrade-systems/frameless-glass-balustrade.html"	1
"http://www.meier-germany.de/product_info.php/language/en/info/p370_jute-huhn--pickend--buchenholz--jute.html/"	1
"http://www.tandfonline.com/doi/full/10.1080/2159676X.2016.1266024?scroll=top&needAccess=true"	1
"http://www.flower-mound.com/225/Community-Activity-Center-CAC"	1
"http://www.trane.com/commercial/north-america/us/en/products-systems/literature.html"	1
"http://www.shopcandelabra.com/"	1
"http://redantelopefilms.com/"	1
"http://www.cphfun.com/"	1
"http://moreas.blog.lemonde.fr/2007/02/28/le-pistolet-sig-sauer-est-il-adapte-a-la-police/"	1
"http://parallelbible.com/pr/james/5-14.htm"	1
"https://www.if4it.com/SYNTHESIZED/GLOSSARY/S/Server_Governance.html"	1
"http://www.oaklandcemetery.com/projects/greenhouse/"	1
"https://www.psychologytoday.com/blog/the-athletes-way/201302/the-neurobiology-grace-under-pressure"	1
"http://aremacphotography.com/3d-model/1905-n-ocean-blvd-e7a-fort-laduerdale-fl/skinned/"	1
"http://gawker.com/the-best-restaurant-in-new-york-is-ralph-laurens-polo-1687795615"	1
"http://www.kimberly-clark.com/"	1
"http://www.milb.com/index.jsp?sid=t2730"	1
"http://www.alibinews.com/mps-launch-jo-cox-commission-to-tackle-loneliness/"	1
"http://www.vocativ.com/415350/house-rep-pushing-to-set-back-online-privacy-rakes-in-industry-funds/"	1
"http://www.health.com/health/gallery/0,,20415762,00.html"	1
"http://www.uspowerboating.com/"	1
"http://www.emeraldinsight.com/doi/full/10.1108/JTMC-08-2014-0050"	1
"http://www.factum-arte.com/pag/198/The-migration-of-the-aura--or-how-to-explore-the-original-through-its-facsimiles-Bruno-Latour-and-Adam-Lowe"	1
"http://www.snowwhiteandtheasianpear.com/"	1
"https://www.timeout.fr/paris/clubbing/peter-the-magician-rac"	1
"http://www.huffingtonpost.com/entry/the-womens-march-has-a-shameful-problem_us_58837377e4b08f5134b62101"	1
"https://global.blackberry.com/en/index"	1
"https://archive.wizards.com/sideboard/article.asp?x=EURO01%5C819fm9a"	1
"http://www.jeep-russia.ru/"	1
"https://aka-cdn.adtechus.com/apps/405/Ad0St3Sz225Sq0V1Id25935765/27239_AOA_Timeless_Masterworks_728x90/index.html?&rnd=64181100"	1
"http://www.yellowpages.ae/l-df-01-06-00004795-honey-bee-grocery.html"	1
"http://www.france24.com/en/20161216-france-focus-perfume-history-fragrance-master-perfumer-guerlain-thierry-wasser"	1
"http://www.dailymail.co.uk/news/article-2178836/London-2012-Olympics-Greek-athlete-Voula-Papachristou-banned-racist-joke-Twitter.html"	1
"http://emedicine.medscape.com/article/1202088-overview"	1
"https://www.compositesworld.com/articles/lightning-strike-protection-for-composite-structures"	1
"http://www.rabbitstationery.com/"	1
"https://www.nytimes.com/2015/12/16/world/europe/britain-pares-down-silly-laws-from-salmon-handling-to-armor-wearing.html"	1
"http://www.woolwarehouse.co.uk/yarn/sirdar-wild-bobcat-402-50g"	1
"http://www.allaboutdepression.com/dia_03.html"	1
"http://www.tandfonline.com/doi/full/10.1080/10720162.2015.1081839?scroll=top&needAccess=true"	1
"http://www.siegelproductions.ca/fiddlefarmers/unusualinstruments.html"	1
"http://www.ilo.org/dyn/normlex/en/f?p=NORMLEXPUB:12100:0::NO::P12100_ILO_CODE:R020"	1
"http://www.nightlightcinema.com/page/7/?p=zvcodddt"	1
"http://personal.lse.ac.uk/birchj1/"	1
"http://www.kenburnett.com/Blog60Wherenextforfundraising.html"	1
"https://forum.supercell.com/showthread.php/1047901-Complaint-%21-Trick"	1
"http://seriestv.blog.lemonde.fr/2009/01/25/oz-la-prison-pour-le-pire/"	1
"http://rankexploits.com/musings/2008/opposum-of-spring-haiku/"	1
"http://www.taylormason.com/sympathy-4-santa/"	1
"http://www.tandfonline.com/doi/abs/10.1080/13556509.2013.10798842"	1
"http://www.ohiohouse.gov/dorothy-pelanda"	1
"https://radiopaedia.org/articles/fish-vertebra"	1
"http://www.cloudypoint.com/Tutorials/discussion/ansible-solved-install-darts-package-using-ansible/"	1
"http://www.catacombes.paris.fr/en/homepage-catacombs-official-website"	1
"http://www.ifpcorp.com/index.cfm?ac=GypsumLiner"	1
"http://raredelights.com/expensive-cupcake-world-goes-display/"	1
"http://ec.europa.eu/citizens-initiative/public/how-to-signup"	1
"http://brianjohnsonpd1project.weebly.com/trapezoid.html"	1
"http://bluecava.com/opt-out/"	1
"http://www.acousticalsystems.com/index.html"	1
"https://www.gop.com/tom-perez-liar-extremist-ethically-challenged/"	1
"http://jobs.sciencecareers.org/widget/jobs/;i=106;r=http~3A~2F~2Fwww~2Esciencemag~2Eorg~2Fnews~2F2017~2F03~2Fronald-drever-co-founder-ligo-has-died"	1
"https://studentaffairs.vancouver.wsu.edu/student-affairs/cashier"	1
"http://laws-lois.justice.gc.ca/eng/regulations/SOR-98-156/"	1
"http://wikipedia.fr/Resultats.php?q=fdsf&projet=article"	1
"http://salonmart.com.au/index.php/catalog/product/view/id/1177/category/72/"	1
"http://www.urbasekpartners.cz/de/novinky/item/3-cum-sociis-natoque-penatibus-et-magnis-dis-parturient-montes-nascetur-ridiculus-mus?start=404230"	1
"http://edition.cnn.com/2012/08/03/sport/olympics-nutrition-phelps-blake/"	1
"http://www.sexyindustry.com/news.php?idArticles=2587"	1
"http://www.factum-arte.com/pag/34/A-facsimile-of-Princess-Wallada-apos-s-Box"	1
"http://lapeerbeauty.com/store/category/8/61/Cuticle-Care/"	1
"http://www.3dculture.com/bm3d/"	1
"http://www.icbl.org/en-gb/the-treaty/treaty-meetings/review-conferences/the-second-review-conference-of-the-mine-ban-treaty-the-cartagena-summit-on-a-mine-free-world.aspx"	1
"http://www1.biu.ac.il/indexE.php?id=14577&pt=1&pid=14418&level=0&cPath=43,14206,14374,14418,14577"	1
"http://classic.fjallraven.com/"	1
"http://www.beowulfdefense.com/1/post/2011/02/thoughts-on-the-growth-hornet.html"	1
"http://relishmarketing.com/2017/04/20/project-spotlight-a-logo-refresh-for-relish/"	1
"http://robseward.com/associations/paths/index.php?word=ASHTRAY"	1
"http://emedicine.medscape.com/article/80811-overview"	1
"https://www.reconinstruments.com/products/jet/"	1
"http://www.tricountypestco.com/wacky-pest-wednesday-chipmunks/"	1
"https://www.thenorthface.com/shop/wise-guy-chh9"	1
"http://pressroom.amsterdam/"	1
"https://companycheck.co.uk/search?term=kilogram"	1
"https://aka-cdn.adtechus.com/apps/405/Ad0St3Sz225Sq0V1Id25935765/27239_AOA_Timeless_Masterworks_728x90/index.html?&rnd=186326151"	1
"http://www.manythings.org/sentences/words/nephew/1.html"	1
"http://de-taille-et-destoc.soforums.com/t863-Codpiece.htm"	1
"https://www.ncbi.nlm.nih.gov/pmc/articles/PMC1038127/"	1
"http://www.taddart.org/?m=201010&paged=208&lang=en"	1
"http://www.bmj.com/content/330/7505/1453"	1
"http://laws-lois.justice.gc.ca/eng/acts/K-0.5/"	1
"https://www.britsoc.co.uk/publications/sociology-publishers/"	1
"http://af.reuters.com/article/idAFL3N1H11ST"	1
"http://www.thecephalopodpage.org/"	1
"https://assets.tumblr.com/analytics.html?3cf694068d7db10315f7e7bccbe63e18"	1
"http://geomag.nrcan.gc.ca/calc/mdcal-en.php"	1
"https://shiftitltd.co.uk/drain-survey/cheshire/gemini.htm"	1
"http://www.businessdictionary.com/definition/ad-view.html"	1
"http://www.eurosport.fr/football/qualif-coupe-du-monde-uefa/2018/live-espagne-israel_mtc802190/live.shtml"	1
"http://www.taipeitimes.com/News/editorials/archives/2017/02/15/2003665001"	1
"http://www.badgleymischka.com/sale-dresses/"	1
"http://swtor.gamepedia.com/Sentinel%27s_Maelstrom_Waistband"	1
"http://www.patisseriecarvindeli.com/-apples-sidewalks-raspberry-sidewalks-"	1
"http://www.vintagewatchstraps.com/blogsubmarine.php"	1
"http://oceanexplorer.noaa.gov/explorations/05vailuluu/welcome.html"	1
"http://www.manythings.org/sentences/words/west/1.html"	1
"http://emplois.isarta.com/cgi-bin/emplois/search2.cgi?temp_page=search_all_table&temp_table=search_tableENG&temp_table_next=search_tableENG&mobile=index&if_champ1=Marketing&in_lieu=Montr%E9al&in_region=Laval%20(Rive-nord)+Mont%E9r%E9gie%20(Rive-sud)+Montr%E9al%20(%CEle)+&in_champ2=&infield=poste&words=Directeur%20Marketing,%20Mode%20et%20tendances+Web&domaine=Emplois%20similaires&rpp=26"	1
"http://www.nacva.com/valueexaminer"	1
"http://www.responsiblemining.net/"	1
"https://fineartamerica.com/products/tired-caboose-mary-jo-allen-weekender-totebag.html"	1
"http://www.compositesworld.com/articles/lightning-strike-protection-for-composite-structures"	1
"http://dnd.wizards.com/articles/unearthed-arcana/artificer"	1
"http://www.bbc.co.uk/nature/18686671"	1
"https://www.tabletkiosk.com/"	1
"http://drivemomcrazy.com/"	1
"http://www.georgerrmartin.com/about-george/life-and-times/parris/"	1
"http://www.heritagecostumes.com/Men-s-Black-Pant-br-Black-Trousers-p1143.html"	1
"http://www.todaysdietitian.com/newarchives/050113p44.shtml"	1
"http://homes.winnipegfreepress.com/winnipeg-real-estate-articles/renovation-design/Sneeze-wheeze-solutions-please/id-2779"	1
"http://press.uchicago.edu/ucp/books/book/chicago/O/bo19394207.html"	1
"http://www.faceinhole.com/v2/home.asp"	1
"https://www.isi-web.org/"	1
"https://www.outdooractive.com/en/winter-hiking/bosnia-and-herzegovina/bijele-vode-observatory/21896790/"	1
"http://www.tandfonline.com/doi/pdf/10.1300/J076v31n01_06"	1
"http://fontaineauxmalefices.chiens-de-france.com/chien-chinois-a-crete,de-la-fontaine-aux-malefices,pedigree-chien,una-bomber-de-la-fontaine-aux-malefices,11726_199386.html"	1
"https://spaces.internet2.edu/display/Grouper/Grouper+diagnostics"	1
"http://hosted.ap.org/dynamic/stories/M/ML_SYRIA?SITE=AP&SECTION=HOME&TEMPLATE=DEFAULT&CTIME=2017-04-01-09-30-41"	1
"http://parallelbible.com/pr/james/1-4.htm"	1
"http://www.dwellinghome.com/product/resin-beaded/"	1
"http://parallelbible.com/pr/acts/12-21.htm"	1
"http://novalynx.com/store/pc/Temperature-and-Humidity-c12.htm"	1
"http://bloom-lang.net/calm/"	1
"http://www.tandfonline.com/doi/full/10.1080/00223980.2016.1235538?src=recsys"	1
"http://dockkitchen.co.uk/"	1
"http://www.squirrelsnutbutter.com/"	1
"http://www.manythings.org/sentences/words/whale/1.html"	1
"http://www.henribendel.com/es/nondisclosure_form.html"	1
"http://www.mollymaid.ca/grease-molly-maid-solutions-for-easy-clean-up/"	1
"http://www.nexusmods.com/skyrim/mods/13133/"	1
"http://ec.europa.eu/research/participants/portal/desktop/en/opportunities/rec/topics/rec-rdap-gbv-ag-2017.html"	1
"http://www.simplicity.com/patterns/children/"	1
"http://claibornefarm.com/stallions/blame/"	1
"http://press.uchicago.edu/ucp/books/book/chicago/M/bo3631530.html"	1
"http://cds.cern.ch/record/1463285/?ln=no"	1
"http://www.sciencealert.com/these-brazilian-vampire-bats-have-started-feeding-on-humans-for-the-first-time"	1
"http://www.kcprofessional.com/brands/kleenex"	1
"http://www.engineersjournal.ie/2017/02/28/engineers-scoliosis-brace-comfort-design/"	1
"http://www.captronic.fr/ATELIER-Introduction-aux-systemes-de-vision-embarques-application-sur-Raspberry.html"	1
"http://www.bbc.com/travel/story/20150416-an-ancient-ottoman-capital-surfaces"	1
"https://www.bignerdranch.com/about/the-team/mark-dalrymple/"	1
"http://discoverysoftware.com/products/rubrix/"	1
"https://www.ncbi.nlm.nih.gov/labs/articles/8904764/"	1
"http://subwayfrance.fr/la-carte/les-subs"	1
"http://www.lesgothiques.com/movember-au-coliseum-quelques-poils-de-solidarite/"	1
"https://www.penn.museum/research/projects-researchers/african-section/101-the-arrival-and-expansion-of-pastoralist-economies-on-the-laikipia-plateau"	1
"http://www.koval-distillery.com/newsite/classes-tours/whiskey-workshops"	1
"http://www.seaplane.com/"	1
"http://futonplanet.com/astoria-futon-covers/desert-futon-cover/"	1
"http://www.spacecowboys.fr/"	1
"http://www.itascacg.com/"	1
"http://www.suburbancollection.com/"	1
"http://circ.ahajournals.org/"	1
"https://www.logitech.fr/fr-fr/product/p710e-speakerphone"	1
"https://wiki.uiowa.edu/display/datanalytics/Pilot+instance+configuration+and+operation"	1
"https://soygrowers.com/ASAmag"	1
"http://pavementtoparks.org/follow/"	1
"http://www.bmj.com/content/355/bmj.i6193"	1
"https://www.ncbi.nlm.nih.gov/pmc/articles/PMC1566825/"	1
"http://www.michaels.com/vases-and-containers/bowl-and-vase-filler/910538471"	1
"http://store.nba.com/Miami_Heat_Hoodies_And_Sweatshirts"	1
"https://lashnoir.co.nz/collections/we-do-brows"	1
"http://www.taylorfarmsfoodservice.com/index.php/contact-us"	1
"http://jobs.sciencecareers.org/widget/jobs/;i=78;r=http~3A~2F~2Fwww~2Esciencemag~2Eorg~2Fnews~2F2017~2F01~2Fnanoparticles-awaken-immune-cells-fight-cancer"	1
"http://s7.addthis.com/static/sh.f7354b64245ec78fa8b63827.html"	1
"http://blumenfield.lacity.org/public_safety_town_hall_questions_and_answers"	1
"https://www.ncbi.nlm.nih.gov/labs/articles/2569781/"	1
"http://www.lulu.com/spotlight/charles1083"	1
"https://www.psychiatry.org/psychiatrists/meetings/annual-meeting/hotel-information"	1
"http://matchdatelove.com/events/saturday-night-friendship-mixer-comp-appetizers-new-friends/"	1
"http://jailhouselaw.org/your-first-amendment-right-to-freedom-of-speech-and-association/"	1
"http://www.trex-game.skipser.com/"	1
"http://www.coffeeripples.com/"	1
"http://www.interiormanagement.com/"	1
"https://www.solcocina.com/2012/07/11/chef-profile-chef-deborah-schneider-green-living-magazine/"	1
"https://www.homify.fr/projets/19616"	1
"https://aka-cdn.adtechus.com/apps/76/Ad0St3Sz170Sq0V1Id25933900/index.html?&rnd=146230427"	1
"http://www.partycity.com/text/partycity/banners/global/2017/setA/170504-sw-banner-pc.html"	1
"http://www.travelandleisure.com/style/travel-bags/stylish-fanny-packs"	1
"http://sysadminsjourney.com/"	1
"http://www.paulinemclynn.com/pages/the-go-ons"	1
"https://www.psychologytoday.com/blog/the-how-and-why-sex-differences/201111/how-avoid-population-overshoot-and-collapse"	1
"http://e-edition.dailyherald.com/popovers/article_popover.aspx?guid=f938f9fc-97ad-4ee0-a42d-92a9e776b00d"	1
"https://dearfrances.co.uk/products/spirit-boots-black"	1
"https://www.ngdc.noaa.gov/geomag/declination.shtml"	1
"http://www.occurling.com/"	1
"https://www.sec.gov/fast-answers/answersbrkrdlrhtm.html"	1
"http://virtualmagie.com/forum/topic/17381-technique-main-dans-armature-de-porte-monnaie-source/"	1
"https://www.livingwage.org.uk/"	1
"http://www.lecapitainefracasse.com/en/menu/"	1
"http://www.presser.com/shop/woodwinds/wwens/airmail-edition.html"	1
"http://cheapbotsdonequick.com/source/bethebot"	1
"http://www.newdestinyhousing.org/"	1
"http://press.uchicago.edu/ucp/books/book/chicago/M/bo3631993.html"	1
"https://www.pmel.noaa.gov/eoi/nemo2000/logbook/stu080300.html"	1
"http://en.sittingvision.com/about-us/"	1
"http://forums.riftgame.com/game-discussions/classes-telara/mage-discussion/98670-cloudburst-vs-ice-shear.html"	1
"https://aka-cdn.adtechus.com/apps/405/Ad0St3Sz225Sq0V1Id25935765/27239_AOA_Timeless_Masterworks_728x90/index.html?&rnd=136150447"	1
"http://www.wsj.com/ad/article/mlf-5-ideas-to-make-microlending-more-effective"	1
"http://www.tinykittens.com/ringworm"	1
"http://gggiraffe.blogspot.fr/2008/08/my-vegetarian-lasagne.html"	1
"http://www.rwsmithco.com/p103398/FOH-Plate-Kiln-Leek-Oval-8-x-6-/"	1
"http://www.businessdictionary.com/definition/participant.html"	1
"http://cinematreasures.org/theaters/54017"	1
"https://ipm.missouri.edu/ipcm/2012/8/Consider-Herbicide-Carryover-Potential-before-Planting-Wheat-or-Forage-Grasses-this-Fall/"	1
"http://coffeegeek.com/forums/coffee/homeroast/718754"	1
"http://lightningprocessbristol.com/courses/free-talk-april/"	1
"http://www.physicsclassroom.com/class/thermalP/Lesson-1/Methods-of-Heat-Transfer"	1
"https://www.psychologytoday.com/blog/attention-training/201405/gifted-learners-new-holistic-methodology-and-tech"	1
"http://www.diadem-packaging.com/"	1
"http://parallelbible.com/pr/songs/2-1.htm"	1
"http://www.gettyimages.ca/detail/news-photo/cuban-leader-fidel-castro-offers-a-wreath-at-a-cenotaph-for-news-photo/625857404"	1
"http://tailspinstales.blogspot.fr/2008/08/ive-often-thought-of-men-i-was-supposed.html"	1
"http://screwdriver.clicforum.com/t1283-Changement-aux-nexus.htm"	1
"http://www.boats.com/reviews/boats/drambuie-wins-suncoast-offshore-grand-prix-459/"	1
"http://silverstonetek.com/raven/products/index.php?model=RVP01&area=en&top=A"	1
"http://www.eider.com/en/"	1
"http://www.manythings.org/sentences/words/silver/1.html"	1
"https://www.ncbi.nlm.nih.gov/pmc/articles/PMC504719/"	1
"http://www.kamikaze.com/en/family/051/kamikaze-sports-line-wkf-approved"	1
"https://csmasters.uchicago.edu/"	1
"https://solar-aid.org/"	1
"https://www.montclair.edu/profilepages/view_profile.php?username=matthewp"	1
"http://www.moldex.com/hearing-protection/foam-earplugs/"	1
"http://archive.archaeology.org/9907/etc/calder.html"	1
"http://www.angersloiretourisme.com/en/discovery/everything-you-want/going-green/parks-gardens-and-forests"	1
"http://www.blueelephant.com/"	1
"http://www.andiamogroup.eu/en/about-us"	1
"https://www.ncbi.nlm.nih.gov/pmc/articles/PMC1357273/"	1
"http://www.caterpillar.com/en/news/caterpillarNews/innovation/caterpillar-vice-president-discusses-changes-in-mining-industry.html"	1
"http://www.ilo.org/kathmandu/whatwedo/publications/WCMS_312137/lang--en/index.htm"	1
"http://k9friend.blogspot.fr/2012/01/my-bathroom-attendant-chowder.html"	1
"http://socialsciences.exeter.ac.uk/politics/staff/reifler/"	1
"http://emedicine.medscape.com/article/297108-overview"	1
"http://www.sjautomobiles.fr/blog/article/mazda-cx3-un-suv-elegant-et-original_7"	1
"http://www.foxnews.com/category/odd-news.html"	1
"https://www.geckoboard.com/blog/building-great-dashboards-6-golden-rules-to-successful-dashboard-design/"	1
"http://www.jiffylubesocal.com/jiffy-lube-blog/2015/04/april-is-national-car-care-month/"	1
"http://curia.europa.eu/juris/document/document_print.jsf;jsessionid=9ea7d0f130de5b820e6db907480da225e933b4bdc492.e34KaxiLc3eQc40LaxqMbN4ObxyPe0?doclang=EN&text=&pageIndex=0&part=1&mode=DOC&docid=165052&occ=first&dir=&cid=144126"	1
"http://www.museoscienza.org/english/leonardo/models-exhibited/macchina-leo.asp?id_macchina=77"	1
"http://www.dailymail.co.uk/news/article-1205821/Drivers-scared-lifelike-child-bollards-aimed-slowing-speeders.html"	1
"http://www.cmzoo.org/index.php/explore-learn/families/loft-animal-experiences/"	1
"http://projects.worldbank.org/procurement/noticeoverview?lang=en&&&id=OP00008876"	1
"http://www.cargobikefestival.com/"	1
"http://www.modelvillage.ie/"	1
"http://gainswave.com/a4m-shockwave-therapy/"	1
"http://www.conceptart.org/forums/showthread.php/326575-walrus-acrylic"	1
"http://www.aol.co.uk/news/2017/02/27/grandmother-deported-with-12/"	1
"http://parallelbible.com/pr/romans/14-4.htm"	1
"http://www.goodcharacter.com/pp/responsibility.html"	1
"http://www.newstatesman.com/lifestyle/2014/02/why-we-must-destroy-myth-miscarriage-failure"	1
"http://reset.me/story/how-to-stop-taking-hormonal-birth-control/"	1
"http://www.poppedrepublic.com/"	1
"http://www.afrisson.com/Push-Up-16243.html"	1
"http://www.nflshop.com/Miami_Dolphins_Hats"	1
"http://thescienceexplorer.com/?page=210&__hstc=242876957.1e835c34ab7bf88e972fdd7a7debc857.1454716800074.1454716800075.1454716800076.1&__hssc=242876957.1.1454716800077&__hsfp=3972014050"	1
"http://www.madehow.com/Volume-4/Coffin.html"	1
"http://mentalfloss.com/article/64193/7-fierce-facts-about-weasels"	1
"http://www.analogplanet.com/content/pro-ject-produces-carbon-copy-debut-iii-thats"	1
"http://marvel.com/universe/Hand"	1
"http://sanofflegs1.djeprint.co.za/image/129788398091.php?n=25&id=26534"	1
"http://press.uchicago.edu/ucp/books/book/chicago/P/bo22438837.html"	1
"http://care.ca/fr/fair-un-don/cr%C3%A9dits-dimp%C3%B4t-pour-les-donateurs-de-care"	1
"http://www.lapolicenationalerecrute.fr/Concours-et-selections/Adjoint-de-securite/Inscriptions-ADS"	1
"http://www.bookculture.com/book/9780316392280"	1
"http://www.dphe.gov.bd/index.php%3Foption%3Dcom_content%26view%3Darticle%26id%3D77%26Itemid%3D28"	1
"http://sthm.temple.edu/graduate-programs/masters-degree-programs/master-of-science-in-sport-business/athletics-administration/"	1
"http://emedicine.medscape.com/article/1223746-overview"	1
"http://s7.addthis.com/static/sh.0d19417fd0a004d73df6a35b.html"	1
"https://muscleactivation.com/"	1
"https://www.timeout.com/atlanta/things-to-do/air-wolves-landmines-awkward-sounds-horrible-idea-cunt-cave"	1
"http://www.screwfix.com/c/tools/thermometers/cat9810005"	1
"http://www.mcg.org.au/things-to-do/sporting-statues"	1
"http://athletica.com/"	1
"http://www.setlist.fm/setlists/easel-7bd3da3c.html"	1
"http://www.truck-expo.com/vi/d/xe-buy%CC%81t/du-l%E1%BB%8Bch/mercedes-sprinter-519cuby-tourist-dmc-5500-09-195231756"	1
"http://www.sfgate.com/music/article/Summer-of-Love-bands-then-and-now-11090888.php"	1
"http://articles.latimes.com/keyword/egghead-software-company"	1
"http://emedicine.medscape.com/article/813155-overview"	1
"http://www.tauntontrade.com/Search?SearchType=A&SearchText=Severi+Bristow%2C+Janet"	1
"http://www.diveandtraveltheworld.com/wordpress/destinations/africa/south-africa/"	1
"http://archeage.gamepedia.com/Waterfall_of_Punishment_Design"	1
"http://nuagedesigns.com/product/hemp-with-orange-flock-napkin-band/"	1
"http://www.freightercruises.com/q_a_freighter_cruise_guide.php"	1
"http://www.celticjewelry.com/spiral-eclipse-pendant.html"	1
"http://www.gettyimages.fr/detail/photo-d'actualit%C3%A9/venezuelan-paramedic-examines-a-baby-suffering-from-photo-dactualit%C3%A9/52027240"	1
"http://espnmediazone.com/us/bios/brush_christopher/"	1
"http://honest-food.net/sharptail-grouse-prairie-style/"	1
"https://www.terrapinbrightgreen.com/reports/14-patterns/"	1
"http://tomatobarpizza.com/"	1
"http://www.health.com/health/gallery/0,,20352313,00.html"	1
"http://www.radars-auto.com/carte-radar/"	1
"http://www.cbn.com/spirituallife/prayerandcounseling/hurt_people.aspx?mobile=false&u=1"	1
"http://www.independentagenda.com/"	1
"http://www.goal.com/fr/scores/transfer-zone"	1
"https://www.thenorthface.com/shop/womens-osito-2-jacket"	1
